CHR,POS,SNP,Tested_Allele,Other_Allele,Freq_Tested_Allele,BETA,SE,P,N,INFO
1,223956664,rs1222148,C,G,0.1555,-0.0019,0.0023,0.4043,718556,0.996732
3,42595115,rs3774398,T,C,0.3438,-0.004,0.0018,0.02314,718647,0.998887
4,2366856,rs3128825,A,G,0.2861,0.003,0.0019,0.1067,714030,0.987041
4,2367495,rs3128824,T,C,0.2093,-0.0073,0.0022,0.0008043,718521,1
8,61648551,rs13256023,T,C,0.1773,-0.0052,0.0022,0.01686,718625,0.997861
11,2998461,rs4758502,T,C,0.2935,-0.0073,0.0019,9.101e-05,717294,0.998626
15,67384150,rs4776339,T,C,0.5218,0.0052,0.0017,0.002123,718247,0.992023
