CpG,SNP,SNP Chr,SNP Pos,A1.new,A2.new,MAF.new,CpG Chr,CpG Pos,B.new,SE,P Value
cg00686926,rs5853046,3,141514163,R,I,0.756,3,141514782,-0.5217,0.0370525568181818,6.83e-46
cg00711496,rs7961780,12,108162430,C,G,0.588,19,50191497,0.2616,0.046739324638199,5.02e-08
cg00826902,rs13256023,8,61648551,T,C,0.181,1,3563954,-0.2731,0.0430282023002993,7.4e-11
cg01676795,rs7785025,7,75628101,C,T,0.31,7,75586348,-0.2427,0.0294288832302656,3.26e-16
cg02079413,rs4758502,11,2998461,T,C,0.294,11,2986505,-0.3645,0.0371483897268651,7e-22
cg02923485,rs1222148,1,223956664,C,G,0.154,1,223959609,0.5508,0.051047265987025,6.75e-27
cg04031093,rs72757900,1,233065095,C,T,0.798,1,233027124,0.42391,0.0480997177798683,1.5e-18
cg04031093,rs9424614,1,233043347,G,A,0.943,1,233027124,0.56252,0.0847682858738135,1.47e-11
cg04907244,rs11983782,7,22893795,C,G,0.551,7,22894795,0.5349,0.0381254454739843,3.3e-46
cg05438378,rs4776339,15,67384150,T,C,0.503,15,67383736,0.2974,0.038050153531218,2.27e-16
cg06633543,rs7157609,14,100150445,G,A,0.67,14,100151561,-0.28494,0.0393209808055032,7.54e-13
cg06633543,rs76169349,14,100154320,I,R,0.111,14,100151561,-0.36673,0.058053650908216,3.03e-10
cg13073141,rs147781256,1,150631936,A,C,0.039,1,150948024,-0.8956,0.120166375955991,2.62e-13
cg14459011,rs12500173,4,103997683,C,G,0.105,4,103998497,0.3748,0.0625083388925951,2.68e-09
cg15638292,rs200962008,11,76844867,I,R,0.043,11,76849451,-0.8016,0.112679224065224,4.53e-13
cg16691087,rs2273056,20,20033223,T,A,0.04,20,20036684,-0.84064,0.0739716312056738,9.41e-37
cg16691087,rs73605563,20,19991544,A,G,0.925,20,20036684,-0.3833,0.053408929836995,5.26e-17
cg18447299,rs251020,5,140895071,C,G,0.051,5,140894884,-1.108,0.0561866125760649,5.01e-86
cg18520851,rs12189155,5,115134793,G,A,0.812,5,115149189,-0.3794,0.0384319286871961,9.19e-23
cg19788934,rs2259690,12,121457914,G,T,0.435,12,121455706,-0.2547,0.0374173644777435,1.61e-11
cg22407942,rs1608553,7,22896231,G,C,0.412,7,22894828,0.47429,0.0397126013264554,1.85e-28
cg22407942,rs1990279,7,22890742,A,G,0.723,7,22894828,0.34556,0.0438293370944993,2.26e-13
cg25114611,rs188739971,6,35227892,A,G,0.988,6,35696870,1.718,0.202355712603062,3.39e-17
cg25851277,rs3774398,3,42595115,T,C,0.339,3,42631429,-0.5344,0.0243130118289354,1.95e-105
cg26470501,rs10422350,19,45228502,C,A,0.288,19,45252955,0.3224,0.0414449157989459,4.84e-15
