cpg;Coefficient;SE;Pvalue
cg00000292;0.0124947740906473;0.00658984208145331;0.058466752975379
cg00000236;-0.00891379542763958;0.00724248484812599;0.218928455471902
cg00000622;-0.0053799301600084;0.00873001302229361;0.537975888031187
cg00000363;0.0042758400188339;0.00911454930551347;0.639164997146343
cg00000108;-0.00399743808406272;0.00866267988701334;0.644651612444921
cg00000029;0.00294617503663694;0.00765032328500605;0.700306370483774
cg00000289;0.00290161000280348;0.00877496206163887;0.741018244158771
cg00000165;-0.00147653180853312;0.00805732512796423;0.854665802792456
cg00000109;0.00102318743370337;0.00941916855649174;0.913536363945793
cg00000321;0.000817687149781355;0.00945512089449951;0.931115124068336
